Sample Id,57814,52984,20675,62562,39609,57554,62805,63042,48691,34383,40479,33419,63589,61871,32397,62069,63358,62557,22001,31943,27672,12017,32445,15749,63072,48441,38309,1669,63612,48442,43582,61769,63230,1494,37185,34390,62955,32827,37209,37202,37203,37211,37210,61846,54923,2137,53254,37112,34396,1769,18368,514,33941,62287,57520,32388,48406,57519,47112,48715,47114,52473,61881,61887,61876,62065,52974,52983,22138,35322,3127,15716,53010,40045,37059,18374,1585,43488,47101,63254,61775,52944,57745,31932,48990,42370,37058,48454,2125,62890,32807,12261,36850,35669,18392,604,37097,54910,63853,57517,Target
111-0035-01,0.5432,0.5424,1.3115,0.8294,0.2725,0.4673,6.8135,0.3748,1.3986,1.185,2.4076,0.6108,0.4929,3.5836,0.6296,0.4023,0.5906,0.71,0.9338,28.0783,1.2547,3.6504,2.5751,0.8385,1.349,1.3928,1.16,0.959,0.2035,1.0838,1.6085,1.4656,2.993,0.2968,0.339,0.714,0.0312,0.224,0.2882,0.1924,0.2044,0.1238,0.2574,0.3846,1.2224,1.3423,0.4884,3.9648,1.42,0.7303,1.4786,0.1599,0.2038,4.9133,1.0069,1.7221,0.8046,0.3752,0.1105,2.0329,1.4233,0.4621,3.1001,0.4856,1.4976,1.0352,0.479,3.73,0.7166,3.7123,0.2635,0.8654,1.7308,0.0805,33.3443,3.637,0.1334,0.5314,6.2724,2.3473,0.5811,1.3403,1.8147,5.036,0.4756,2.8451,3.083,12.8147,0.4957,2.4115,0.8171,1.0915,1.1818,0.2991,1.5124,0.834,0.7126,10.1028,25.5566,1.5069,1
111-0044-01,2.1735,1.0779,0.4484,0.974,0.2456,0.8494,8.0294,0.3748,0.6312,0.7713,2.8811,1.1529,1.3914,1.0,12.5668,1.0306,0.1221,0.2349,11.0244,0.4309,1.0,0.7041,0.9657,0.7893,5.3052,1.2191,1.3225,8.0394,15.8737,2.079,0.4429,8.9567,0.7579,2.3961,18.3726,1.5655,0.0312,1.8278,3.067,1.9376,1.6136,1.4981,1.8653,2.7477,1.5255,1.0501,0.6166,1.3285,0.7673,2.3912,1.6342,1.7908,1.6162,1.6044,1.1852,1.7623,4.8058,3.0685,0.3655,2.2301,2.5184,1.2242,0.643,0.2394,14.6642,0.7849,0.4987,1.803,0.6184,1.1944,0.2635,1.2927,0.2939,0.0518,1.0849,3.5137,1.1103,0.3789,0.6259,0.599,1.9236,1.5114,1.0,0.1561,2.9774,1.1949,0.6954,0.8033,0.4644,2.0286,3.4576,1.4406,0.8747,2.2989,0.9919,5.0077,1.2536,0.7942,0.4269,1.5745,1
111-049-01,1.316,12.7711,1.6439,1.9963,0.4978,1.254,0.2617,0.9815,2.207,1.098,0.313,0.8552,1.37,1.7907,0.6901,0.6047,0.6726,0.9784,1.1616,1.0703,6.5398,0.6868,2.5483,1.1304,4.1248,2.7213,0.5621,0.8435,0.2035,0.5619,2.7283,0.5106,2.9304,0.7863,1.2518,0.4601,0.0312,0.224,0.5168,0.4419,0.3967,0.5943,0.78,1.4607,2.915,4.3734,1.2628,0.713,1.2385,1.7338,0.1729,0.3984,0.5944,1.212,1.5395,1.2021,0.4417,1.9244,0.0607,0.4102,0.4553,0.8807,0.2153,0.0583,0.556,0.5701,3.7185,0.5261,1.4004,2.0926,0.2635,0.6572,0.2939,0.0518,0.2237,4.2912,0.3582,0.5205,1.6743,0.1302,0.7741,0.9281,2.3154,0.2142,1.9387,0.0425,2.0119,0.8975,1.0252,0.7578,0.4158,0.7872,0.1362,2.3458,1.4483,5.2147,0.6392,2.5946,2.3662,0.9644,1
126-0005-01,2.0185,2.5273,0.1191,0.3455,4.9559,1.1401,1.1872,0.3748,0.7217,2.5572,2.9452,1.4144,0.1932,32.1877,1.572,3.1259,1.1605,3.8239,1.2441,0.1965,2.2164,19.0137,0.5093,0.6498,0.9743,56.2872,0.5403,2.4263,1.7192,0.5109,0.0884,0.3757,0.5661,2.5668,9.7722,1.3619,0.1436,2.0436,3.2058,2.6132,3.7478,1.8737,14.226,2.5634,0.5238,4.8123,0.183,0.8481,4.8546,1.2634,16.7188,0.1599,2.9838,0.8138,1.1842,1.2623,0.3871,4.9955,1.117,0.2729,4.3956,1.9939,1.0,0.1691,3.6297,0.415,0.2089,1.7922,1.4793,11.4082,0.4967,0.9239,2.839,96.7361,0.3187,8.4586,4.0226,1.2238,0.2888,0.4553,24.0585,6.8738,0.7315,0.5365,1.8269,3.8108,0.8041,1.5862,0.7291,4.1624,1.2542,0.8471,0.9614,0.0598,0.5375,27.9313,0.4301,3.8362,4.1975,3.248,0
126-0017-02,0.2643,6.6154,0.1191,0.747,0.3309,0.9843,2.9648,1.2223,3.2862,0.2931,1.0565,1.7012,0.6666,10.1503,0.2214,0.8129,0.1221,1.5789,1.0844,63.2153,3.1243,0.5541,0.1759,0.2595,0.3745,0.188,0.7715,1.1658,0.4894,0.4365,0.5355,0.2029,0.2889,0.5614,0.5793,0.7963,0.0312,1.0982,0.9396,1.12,1.2364,0.5366,0.9737,0.7891,1.3723,0.0982,0.183,0.9218,0.3542,0.7764,1.3726,1.7872,1.153,1.0917,0.3817,0.427,1.657,0.8418,0.3752,1.0568,0.7318,1.655,9.9518,2.375,1.9485,0.2495,0.2089,2.8856,1.1121,7.6906,0.4588,1.4517,0.2939,0.0518,12.8649,7.2131,1.9682,1.472,21.4837,6.5245,0.8446,1.4778,0.1162,0.1561,1.3596,0.9758,2.8307,2.6174,0.1078,2.6775,1.0172,0.1826,2.328,1.0332,0.9072,0.7407,0.6495,30.584,20.5957,1.1032,2
77-0155-01,0.2905,0.2619,6.8772,1.0541,0.5444,1.0361,0.4423,0.797,0.1396,0.8612,0.2278,3.5439,0.1932,8.7716,0.5359,1.7909,1.2961,0.9936,0.8832,55.7568,0.248,3.7374,0.1492,0.7596,0.4353,0.1627,0.4844,0.1778,2.2807,1.0,4.7107,30.2558,0.2404,0.3235,1.3299,0.6055,0.0353,0.5114,1.0816,0.9746,0.811,0.9008,0.5252,1.0,1.3005,0.6595,11.0806,1.1044,0.2163,0.6476,0.1729,1.2563,0.9102,0.8676,0.4457,1.2035,1.522,1.2311,2.7117,2.1088,0.1491,0.8038,17.2107,4.2291,0.7225,0.5321,0.2089,1.3358,0.8101,7.1892,1.8872,1.2072,0.2939,0.0518,0.1736,8.0808,0.1364,1.3575,27.3488,5.1916,3.0832,1.0164,0.1162,25.3185,1.7633,0.1716,0.3203,0.9692,0.3691,1.663,1.2541,0.9973,2.0756,0.5151,3.6148,0.3399,1.0868,3.9956,6.7978,0.5303,0
126-0021-02,1.4824,21.346,11.5834,0.6719,4.0672,1.0208,0.353,0.3748,0.306,6.5188,3.6083,2.412,0.5522,1.1591,0.5492,1.0089,0.6762,2.2625,0.7935,0.3935,7.5936,16.9798,0.4787,0.3891,1.6159,0.4202,4.4145,0.5993,1.0746,1.7872,13.1141,0.2029,0.7375,6.5671,5.3688,1.1928,0.0312,4.0955,2.7521,2.84,4.9454,3.7392,4.6586,4.2488,0.709,0.4049,8.2812,1.5387,0.0923,4.237,1.4894,0.1599,2.6784,0.8419,1.6732,0.6451,1.7622,5.2719,1.0353,1.1342,5.5831,1.7909,0.4126,0.0583,8.8253,0.8495,1.2812,0.5558,0.9347,0.602,2.7468,1.2815,0.2939,0.0518,0.1736,0.3596,11.5312,5.9714,0.8488,4.6131,6.1279,13.7754,0.8926,0.1561,0.0607,4.5602,0.7676,0.8454,0.3342,0.4072,1.1002,1.0263,0.305,0.9846,9.3263,0.8909,0.5483,0.277,0.3846,0.7273,2
77-0249-05,1.0,0.3623,0.1191,1.0,1.799,1.7607,0.9228,0.3748,0.2559,0.7491,1.5581,0.9294,0.2498,1.943,2.2847,1.285,0.8241,0.3982,0.6913,0.3266,0.6357,6.5242,1.0759,0.6967,0.758,1.466,0.4844,0.34,0.4292,0.4305,0.0884,12.6576,0.2404,4.9336,3.2496,0.8578,35.4887,3.0558,2.136,1.917,4.5726,2.8549,2.2485,3.2408,0.8706,0.5385,0.183,1.0311,0.3455,2.4523,0.1729,0.1599,2.5687,0.7859,0.5611,0.5628,0.6366,3.7812,15.3471,1.3262,1.2592,1.2381,0.7965,0.2081,5.9415,0.7908,2.1795,0.6008,1.0,1.0,1.3785,0.4974,0.2939,17.8281,0.1736,0.2968,1.9399,0.8531,1.3224,4.2118,10.8163,0.7797,0.8694,0.6007,3.5313,1.7021,0.4277,1.0,0.1078,0.3109,0.982,0.4808,0.2897,0.5256,0.2351,0.7295,1.6854,0.4788,0.5037,0.8084,0
126-0029-02,0.2643,0.264,0.1191,0.9948,0.184,0.9652,0.0706,2.6485,0.0805,0.6904,0.4173,0.1667,0.1932,2.5102,0.6972,1.2281,0.6976,0.0204,0.755,1.4214,1.499,9.3551,0.1492,0.3678,2.8256,0.1627,0.4844,0.1461,1.8002,2.7893,0.0884,0.2029,0.2404,0.2968,0.1692,1.1245,0.0312,0.528,0.1677,0.2838,0.2854,0.1238,0.3073,0.4068,1.1566,0.0194,0.183,0.8171,0.0923,1.0865,0.3289,0.1599,0.2934,0.9919,4.927,0.5297,1.0676,0.4805,3.4901,0.1091,0.732,0.477,33.9773,12.5244,0.811,0.0995,0.2089,0.6661,0.1789,2.3154,0.9546,1.7035,0.7326,0.0518,0.3272,7.278,0.1334,0.7167,0.8705,1.0,17.2885,12.7842,0.1162,0.1561,0.0607,0.0513,9.5259,0.8435,0.1078,2.3369,0.0236,0.2565,0.7248,0.3831,0.2773,1.7117,0.3242,0.3315,0.1528,0.5782,0
126-0044-01,0.7015,55.3862,2.7129,2.1106,0.4368,0.7828,0.3854,1.6411,0.1384,5.3695,0.762,3.2024,1.0131,0.2128,1.0525,0.9081,1.2845,1.1343,1.2512,1.0,19.4196,1.1269,4.1303,1.1951,0.7524,2.7853,1.3411,1.2553,0.2641,0.5759,7.9562,3.1275,2.8132,1.0406,1.4842,1.3985,0.0312,0.224,0.7273,0.4723,0.4428,0.8192,0.4329,1.2686,0.7514,0.4026,2.4405,2.1711,4.3195,2.1588,1.328,0.1935,0.4371,1.1013,0.9089,0.6662,1.8221,1.0867,1.1582,0.5741,0.9301,1.5866,0.5584,0.0583,2.6101,0.6722,0.5521,3.5509,0.5424,0.4191,0.3127,0.7708,0.2939,0.0518,0.5989,0.6629,2.2492,1.0642,0.9441,1.0573,0.9739,0.9037,5.3087,0.3144,0.2646,1.5314,1.3527,0.8533,0.2688,2.0642,0.7677,0.2807,0.7042,1.633,2.3403,1.1804,1.9261,1.796,4.4742,0.4577,1
126-0048-01,1.528,11.6194,0.1191,0.7014,0.1985,1.1625,0.3858,0.3748,1.0008,0.1925,2.4522,0.2628,0.1932,1.974,1.0444,2.6282,0.691,2.693,0.9207,0.2623,2.7192,0.5605,5.2495,1.3145,4.5235,0.4865,4.2707,0.3693,0.4995,1.0782,0.0884,1.1853,0.5685,0.4165,0.83,1.3944,0.0312,0.224,0.5097,0.4427,0.4854,0.2358,0.2574,0.6862,0.7826,1.1894,0.183,1.4272,4.3733,0.8567,1.2823,0.4205,0.5761,4.9527,1.1267,1.4429,10.554,0.8714,2.6992,0.6744,3.378,1.6263,2.8117,0.7998,0.6444,0.0995,3.9988,0.9513,0.9354,0.9351,0.2635,0.7411,1.8892,0.0518,2.3875,0.7087,0.801,0.5877,0.4176,1.4855,0.6675,0.8883,1.2836,0.4021,0.5582,1.4102,0.8986,1.4099,0.1078,0.8321,0.0236,0.1629,0.442,0.2121,0.6811,2.7428,3.2787,0.304,0.1389,0.5106,1
126-0050-02,6.7683,0.0857,0.2276,0.8339,5.136,0.9791,0.3215,0.6717,0.306,7.8703,0.4952,3.1852,0.7483,0.2143,0.2181,13.0046,8.9261,0.966,0.6367,3.3127,0.1087,0.5524,3.0329,1.0403,1.5455,1.323,1.2887,0.3545,0.2035,1.264,0.2601,0.2029,2.1743,2.9909,4.6375,1.31,0.0312,3.5104,2.5622,2.727,7.4318,0.1238,9.8573,2.3934,0.5373,1.4238,0.183,0.8431,19.4988,1.8183,0.6387,0.1599,3.942,0.8971,0.5588,5.9509,0.5156,3.4934,0.0708,0.1091,1.2147,0.3667,0.5417,0.0583,0.091,0.1165,0.2089,0.1243,1.2446,0.1981,0.2635,0.5026,0.9719,0.1119,0.1736,2.0141,0.1334,0.7354,2.3776,4.0042,0.6319,0.7751,0.8836,0.1561,0.3316,0.0425,0.6146,0.8131,0.1078,0.0805,0.0236,0.1629,0.1362,1.7009,1.2841,0.9782,0.3242,0.1588,0.1389,0.9794,1
126-0051-02,0.7683,0.4082,1.1867,0.6238,1.0,0.4168,2.0809,0.4929,4.6255,7.0312,2.3225,2.3434,1.631,0.0989,1.1244,1.2071,1.1137,1.8314,1.494,0.0564,0.3414,0.7063,0.3362,1.4503,0.7522,0.1627,1.9983,1.5782,8.3091,15.7329,1.1708,2.6044,2.6678,2.1226,2.6433,0.9644,0.0312,2.7745,2.2993,1.6912,2.9518,2.2612,2.8317,2.516,0.7877,1.1759,1.0,1.4155,0.2873,1.463,0.4724,0.333,2.2415,1.0524,1.0427,1.9614,1.939,2.3865,0.116,2.9475,1.1129,1.5062,0.4655,0.0776,3.1686,1.8588,3.9196,2.7736,1.0835,0.1283,5.8567,1.4606,0.3926,0.0518,22.1387,0.3919,1.4783,2.3174,1.814,1.1535,1.0,1.2536,1.244,0.1561,0.4838,0.7715,2.3632,1.2008,1.2095,2.0153,2.2703,2.147,0.3979,4.5737,1.3837,0.5222,0.9875,6.0295,2.7029,3.6872,1
126-0067-01,1.0955,3.7357,0.1191,0.3077,2.6965,0.868,0.7786,0.3748,0.2937,0.14,1.102,0.1045,0.1932,28.9692,0.4147,1.7671,0.6101,0.0204,0.3677,21.9717,0.9857,0.5008,0.1492,0.7597,0.3381,0.5785,0.8698,0.568,0.2658,0.298,0.0884,1.5732,0.2404,3.4355,1.9427,0.5596,0.0312,2.2414,1.5586,2.1871,2.7078,3.6855,3.475,4.1916,0.7945,0.4419,0.183,1.0119,0.0923,1.0553,1.2652,1.499,2.9322,0.8224,8.7983,0.6429,0.4246,4.8021,0.0607,1.4134,1.3705,1.2971,44.1448,9.0108,3.3061,0.0995,0.2089,0.6895,2.778,21.6288,0.2635,0.3236,5.4023,0.0518,0.1736,1.1896,0.2515,0.2912,3.6058,0.4982,0.6642,0.883,0.1162,0.1561,2.0121,0.1563,0.5616,1.0596,0.1078,1.8324,0.0236,0.1629,5.0613,0.8121,0.77,0.5214,0.4212,1.6548,0.5883,1.8227,0
126-0068-01,0.7591,0.3816,0.2414,0.6579,0.1452,0.9213,1.1075,0.3748,2.3127,9.5486,0.863,0.2339,0.5071,0.3136,0.5794,0.6588,0.6212,7.1013,1.0239,3.9158,0.4534,2.9091,0.9844,1.9266,1.949,0.8403,0.4844,1.2706,0.6185,1.0469,0.2686,0.5621,2.1074,0.2968,0.0562,1.4357,0.0312,0.224,0.014,0.063,0.037,0.1238,0.2574,0.0051,4.9925,2.0951,0.183,0.6491,0.7613,0.6788,0.4557,0.3082,0.013,0.6916,0.6604,0.3056,0.6294,0.0397,2.6778,0.7365,0.8828,5.1474,0.3409,0.0583,0.7849,8.6858,0.2801,0.7064,2.5873,0.9514,0.2635,0.3236,6.8325,0.0959,12.8443,0.6711,0.1334,0.2912,1.7808,0.2179,2.3277,0.8903,0.3448,0.1561,0.0607,0.6873,12.2468,1.8172,10.8498,0.7216,0.8083,5.3857,1.1589,0.1273,0.4888,2.1806,0.5578,0.5142,1.183,0.4824,0
126-0069-02,0.6527,0.4931,0.1191,2.0175,0.6336,1.2516,0.2201,2.6168,3.2791,1.1425,1.6593,0.2137,0.1932,0.0598,1.8028,0.6432,0.9584,1.8312,3.6447,0.4337,0.4553,1.2327,3.2255,2.2352,0.9006,2.5419,0.6684,1.5099,13.6688,6.7593,0.0884,2.0392,0.9965,0.2968,0.3454,1.2572,0.1074,0.224,0.7101,0.4114,0.468,0.4235,0.2574,0.4114,1.8691,1.1506,0.183,0.7648,1.2797,0.8983,0.498,2.3312,0.5283,0.7204,6.8772,1.9579,1.6103,0.4487,0.2419,5.9198,2.0963,1.2741,0.0595,0.0583,0.091,0.1216,0.2089,0.6524,1.4011,0.086,0.2635,1.1463,2.9538,0.0518,1.0984,1.0,0.9239,1.0167,0.7307,2.8323,0.3898,1.6804,1.1048,0.1561,4.6894,0.7321,1.6675,1.2065,0.1078,0.5845,0.1035,0.1629,0.2051,0.0311,0.2351,4.2454,0.9026,2.7954,4.5773,0.5943,1
126-0074-02,1.0361,0.7764,3.1307,1.4686,0.1145,1.8058,0.7235,2.7065,16.425,0.7016,2.6177,0.1351,5.825,0.0926,2.5817,1.1589,2.3749,0.2258,2.642,0.1253,0.4367,40.5916,2.5273,1.6611,2.028,0.686,0.8589,4.3742,1.9276,2.1068,1.7783,2.5265,3.9706,0.2968,0.2642,1.3287,0.0312,0.224,0.1565,0.1473,0.037,0.1238,0.2574,0.2739,0.4481,0.6409,4.4131,9.356,2.7429,0.6513,1.531,1.9533,0.1286,0.8361,0.3817,2.0803,0.2235,0.2415,0.0607,2.1823,1.3243,1.716,0.0595,0.0583,0.1132,1.3211,0.2089,2.9702,2.6741,0.1362,0.2635,0.7182,11.5345,0.0518,10.7972,0.9398,0.1334,3.3413,0.5187,0.6664,1.0678,13.9036,4.1871,0.1561,0.1311,0.1648,2.0401,1.1779,0.7662,1.8802,1.5773,0.5924,2.1861,5.1693,1.9383,0.3437,0.3242,30.018,27.9105,0.625,1
126-0075-01,1.0456,1.0851,0.1191,2.7556,0.5725,1.0733,0.5558,2.7262,0.9543,0.3101,0.3947,0.3306,0.4195,0.0954,0.898,1.2645,1.1642,4.1612,1.9045,2.2492,0.9415,1.0613,0.7463,0.969,0.9815,0.1627,0.7425,1.2209,4.4924,1.4106,0.1356,0.8298,0.9493,0.8099,1.4215,0.9549,0.0312,0.3801,1.0062,0.6188,0.8944,1.0,1.1091,1.4298,1.797,1.7277,0.183,6.8923,0.5019,1.0281,0.5602,1.9428,1.0096,0.9099,1.3442,0.8674,2.0312,2.2026,2.0831,1.2199,0.6962,0.9207,1.4627,0.2977,0.9695,0.0995,0.4712,0.3481,0.9945,0.2646,0.2635,0.6803,1.4537,0.0518,0.417,1.0666,0.5053,0.8826,1.1707,0.9686,1.6088,82.4263,1.138,0.1561,0.0607,1.2387,1.932,1.1375,0.1078,0.1845,0.0947,0.1629,0.2476,0.3463,1.0081,0.0726,0.8898,0.6587,1.1538,0.7692,1
126-0102-01,7.7653,12.8724,0.3357,2.6539,4.1886,0.5427,2.966,0.416,5.1458,0.14,0.8364,3.785,0.9417,2.5608,0.1311,3.5066,3.4878,1.3294,0.4765,0.0564,3.0115,0.2562,0.6081,1.1169,0.8299,0.1627,3.2511,2.4012,0.2035,0.5338,0.8426,0.2029,1.1744,0.5793,1.1444,1.0045,0.0312,0.7267,1.5316,1.528,1.1926,1.5976,0.4239,0.8075,8.075,0.1809,0.183,1.2209,0.6124,0.6453,3.5155,0.49,1.1929,1.2053,1.803,2.2922,0.602,0.7057,1.3059,1.8376,1.6778,0.8219,0.2258,0.0616,0.6693,1.3428,0.2089,3.1943,1.4116,2.0288,0.611,3.035,2.5618,0.0518,0.1736,1.1449,6.3909,0.2912,1.8875,0.3775,0.9253,0.8768,3.3148,0.1561,1.0337,3.3897,0.6117,1.0614,2.2765,5.6879,1.2455,1.2436,1.973,1.3196,0.8215,1.6363,0.3242,0.4943,0.3531,13.7383,1
126-0111-01,1.3434,0.5011,0.3816,1.6573,0.3829,22.443,2.69,0.3748,0.1146,0.4881,2.5521,0.4503,1.737,1.3797,0.573,0.7052,0.6611,1.0624,1.0016,20.5333,0.4933,5.4125,1.2994,1.1306,1.9365,1.2322,3.1556,1.303,0.5766,3.8399,0.3265,0.3301,0.8065,0.9302,1.0,1.891,0.1322,0.3509,1.6595,0.7581,1.2648,0.5773,0.2576,1.0813,6.2771,1.0485,0.6012,2.6117,0.2438,0.9697,13.7643,4.4996,1.0,0.9306,4.2067,0.6717,0.8641,0.8614,0.5879,5.7305,2.5668,1.2226,18.4019,8.3014,2.2746,0.1736,0.2089,1.0094,0.8463,1.692,0.8256,1.4511,1.909,0.0518,0.5677,2.8796,1.5205,2.3032,7.1599,0.1302,3.884,1.2312,0.5105,2.2103,0.1566,1.3604,1.3459,26.9875,0.1078,0.596,0.3604,0.1629,0.6645,2.0233,0.465,18.82,6.7602,1.686,0.939,1.2556,2
77-0195-01,0.2643,1.0,0.5016,1.2988,0.2312,1.5006,1.9378,2.0824,0.8221,16.1637,3.3696,1.0107,0.7309,0.4164,0.4088,1.0501,0.3683,0.0204,0.9394,1.2842,1.1979,2.5944,0.2386,2.1274,1.5401,0.1627,0.7741,1.7714,4.2642,0.8594,0.0884,0.4257,0.5061,0.4958,0.4956,1.8108,0.0312,0.224,0.6141,0.3462,0.4305,0.2374,0.2574,0.5881,2.4488,0.1455,0.5275,1.223,0.0923,0.6455,5.6015,1.7192,0.4127,0.9068,0.4731,0.666,0.649,0.4757,0.0607,3.0914,2.4973,0.4997,8.3443,2.5281,1.8485,0.0995,0.2089,0.8913,1.9929,1.2256,0.2635,1.8079,1.8815,0.0518,0.1736,0.5662,1.6056,1.0879,0.9126,0.1686,2.7454,0.8617,0.3883,0.1561,0.3404,2.2426,0.6969,0.9658,0.1078,0.4564,0.0236,0.1629,0.3862,1.119,0.9846,25.4456,0.7517,1.7119,2.1546,1.1235,0
126-0117-01,1.1084,0.7975,0.1191,1.0848,0.4494,1.0882,12.9251,0.9721,1.0697,0.14,1.5445,0.2274,0.1932,2.014,3.2194,0.8489,1.4325,1.9058,1.3206,1.3362,0.5161,1.5982,0.3294,1.2736,2.0091,2.0472,1.3056,1.2839,1.2308,0.4979,0.0884,2.6409,0.826,0.2968,0.062,1.2481,0.0312,0.224,0.1301,0.1926,0.067,0.1238,0.2574,0.0853,3.6763,2.5554,0.183,3.1498,0.1844,0.7713,1.3949,1.218,0.1183,1.0123,0.3817,2.6999,1.6033,0.0819,13.7145,1.3836,1.8466,0.796,0.0595,0.0583,2.0598,0.3986,1.0748,1.3953,2.2261,1.6756,0.9335,1.3204,0.9762,0.0518,2.244,2.7551,3.2186,1.189,0.6143,5.7863,2.9757,1.448,2.4148,0.4852,0.5411,1.466,0.8873,0.6711,0.1476,0.9349,0.172,0.1629,1.2163,0.1254,0.2351,41.5038,0.9383,0.1947,0.2322,1.0206,0
126-0130-01,7.3253,0.0857,0.1191,0.8646,5.6901,0.4168,0.2045,3.1697,0.5361,3.4656,0.8563,5.6636,0.1932,0.1025,0.1311,11.4616,1.3337,0.5598,0.0669,0.0564,0.8833,0.3313,0.3494,1.0308,0.8115,0.1627,0.4844,3.1315,0.2035,0.1068,0.0884,0.2029,1.0035,0.2968,0.0562,1.0535,0.0312,0.25,0.6688,1.0,0.292,0.2618,0.2574,0.0453,0.7703,0.0194,0.183,0.856,0.2803,0.2675,0.579,0.1599,0.3377,0.9019,0.3817,2.4567,0.5808,0.0397,0.0607,0.1091,0.8003,0.5028,0.0595,0.0583,1.0305,1.5426,0.2089,0.1799,1.7338,0.1486,0.2635,2.2042,0.2939,98.0457,0.1736,0.336,0.1334,0.2912,0.2677,0.5947,20.6285,0.8405,1.3782,0.1561,0.0607,0.0425,0.1034,0.9448,2.551,0.1839,0.0236,0.241,0.3154,0.018,0.2351,0.0948,0.5027,0.1588,0.3902,0.4468,0
126-0149-01,0.7059,6.56,0.1191,2.7069,0.2488,0.922,5.474,0.5906,0.0805,3.8765,0.8135,0.6747,0.1932,1.0757,1.3868,0.462,0.3717,1.019,2.3233,2.4975,1.1554,0.7682,1.3119,2.962,0.6223,0.1627,0.4844,0.2801,1.299,0.8781,0.0884,0.9422,0.8003,0.2968,0.1115,0.5247,0.0312,0.224,0.1889,0.1676,0.0695,0.1238,0.2574,0.1558,1.0135,1.032,0.183,1.4988,0.4569,0.3122,0.7217,0.6172,0.1505,1.2854,3.8082,0.3853,0.1919,0.1748,2.1125,0.3871,0.7021,1.3618,0.3877,0.0967,1.2579,1.9401,0.2109,9.3295,1.1185,2.868,0.2635,1.6411,0.757,0.0518,1.0103,2.6155,0.2636,0.845,2.6937,0.8464,0.6893,1.1674,2.6287,0.1561,0.4959,1.2665,1.1054,37.1352,2.4796,12.87,8.4544,1.9406,5.1427,0.1948,0.2869,3.5652,1.6611,1.6129,3.2736,1.2357,0
77-0041-02,0.2643,0.0857,1.2227,0.712,1.7957,46.4674,0.5054,0.3748,17.6824,0.77,1.4277,1.0,2.1283,0.6502,0.8901,0.8904,0.5432,3.8429,2.2885,0.0564,4.1933,24.5244,0.1492,1.1756,3.5247,11.4058,0.756,4.8631,0.3619,4.4032,0.8898,0.7184,1.0268,2.5812,2.3707,3.062,19.5071,0.9581,1.6217,1.5702,2.4416,1.9031,1.6374,2.8933,0.5257,2.8534,0.8362,0.8066,0.3115,1.0,1.0627,1.3683,2.0132,1.0328,0.5675,0.552,1.3099,3.6133,26.582,0.4805,1.427,0.9047,0.0595,0.0583,2.2204,0.4549,0.2089,0.7388,5.3513,1.0548,3.9734,2.4686,1.0238,0.0518,1.1611,0.4675,0.6439,1.9242,1.3101,1.3589,9.723,0.9363,0.5499,0.1561,1.5905,0.5066,2.2148,1.2329,0.7866,1.0651,1.1454,0.5484,0.9013,3.2304,1.0636,0.3646,0.3682,3.187,1.9899,4.8203,0
77-0041-04,0.2643,0.2798,0.1191,0.6593,0.8288,0.9174,0.5337,2.1181,4.4441,0.3055,1.6211,1.013,0.1932,1.3596,0.2743,0.429,0.1221,2.5088,0.3829,0.2315,0.6284,0.1994,0.1492,0.6055,1.0936,0.2405,0.4844,1.1558,0.2035,0.8449,0.0884,0.2029,0.2404,0.9213,0.7424,3.2841,0.0312,0.9278,0.9187,1.2082,1.7064,1.0338,1.5776,1.2676,0.8929,0.4547,0.183,1.1325,0.0923,1.1721,0.9234,1.8198,1.864,1.0145,0.6941,0.3884,1.2498,1.9425,0.4319,0.2974,1.2063,0.9329,0.0595,0.0583,1.6153,2.1953,0.9355,1.1649,5.7645,1.2482,0.2635,3.1473,0.9112,0.0518,0.7301,0.52,7.0201,1.2222,0.9021,1.6805,0.3898,0.7898,0.6112,0.1561,0.0607,2.792,3.9959,8.8056,3.5298,2.5066,5.6043,2.4746,4.8627,0.1578,0.2351,1.873,0.3242,25.5151,18.6901,0.3182,2
77-0095-01,0.9099,0.4694,1.5816,2.2823,1.235,1.2255,0.9358,4.1798,0.0805,12.5365,0.8432,7.5577,0.6383,0.9668,0.1311,0.6164,0.4277,1.2808,0.187,0.8231,0.8403,0.2618,0.4364,2.2204,0.6882,0.1627,1.2449,0.3088,0.2035,2.5964,1.4555,0.6262,1.1264,1.457,6.2017,0.4601,1.0,0.7949,2.4655,1.2146,1.1871,1.6329,0.5541,1.6119,0.7627,0.0194,0.7964,1.6027,0.2404,1.4396,0.4061,0.1599,0.85,1.0118,4.6429,0.4151,0.1919,1.6115,0.5051,0.3388,0.4835,0.6606,0.5119,0.2339,5.4879,0.8975,0.2089,1.5238,2.1558,0.7964,2.584,1.1254,0.2939,0.0518,0.1736,0.5924,0.1854,5.5917,1.458,1.7031,0.3898,0.7612,0.9064,0.1561,0.0607,0.1379,0.4743,0.8166,0.4071,0.4644,0.2545,0.1629,0.3382,0.9309,2.278,11.4273,16.5932,0.1588,0.1389,1.3488,0
77-0095-10,0.9146,2.9901,1.4612,0.6185,3.2413,0.9614,1.0642,9.058,0.0827,17.1404,2.1697,3.375,2.3716,0.326,1.963,0.7004,0.4567,0.1173,1.0,15.1638,2.1098,0.4311,0.3651,0.6037,0.7808,0.2866,0.9688,0.4731,4.3871,2.8913,1.0484,1.8351,0.4556,4.1189,16.2927,0.6753,0.0312,1.4123,5.3363,2.78,2.278,2.9078,1.7138,4.3808,1.0633,0.0194,1.8432,1.7861,0.8985,2.0405,1.902,1.4776,1.5411,1.2055,12.0721,0.3282,0.5168,4.8544,4.0537,3.4522,3.1921,1.1241,1.1659,0.3497,3.0265,1.2995,0.2089,1.3573,0.8693,0.74,12.1469,2.7517,0.7549,0.0518,0.6355,0.9779,2.8515,3.9769,11.3437,1.9773,1.8268,1.1854,0.2511,0.1561,0.9915,1.0,0.4451,1.0573,0.8448,0.7585,0.836,0.8784,0.9101,3.6979,2.4063,7.7145,26.6794,0.4828,0.1389,0.6708,2
77-0097-01,1.9172,0.3423,0.1191,0.4756,0.9712,1.039,0.6897,0.3748,1.0092,0.14,0.3789,0.0829,0.1932,0.1037,0.3855,8.4853,2.9953,0.2512,0.8899,0.5174,0.1087,0.2156,2.305,1.1391,61.8525,1.628,0.4844,0.8851,0.5469,0.3436,0.0884,0.2029,1.1377,0.5914,1.4859,0.4601,6.8363,1.4408,0.4795,0.7115,0.5787,0.703,1.0,1.0126,0.5071,1.1232,0.183,0.6036,5.3791,0.8899,0.1729,0.4988,0.6248,0.6736,0.3817,3.0065,0.4274,1.6878,0.0607,0.1091,0.4298,2.3247,0.5792,0.0583,2.0418,0.0995,4.3407,0.1069,0.7179,0.1402,0.2635,0.5272,0.3847,0.0518,0.1736,2.7823,0.1334,1.0,0.1827,1.027,0.9321,0.7464,0.1986,0.2788,0.0607,0.0425,2.8921,0.9503,0.1078,0.0844,0.0815,0.1629,0.1362,0.4729,0.6274,0.6148,0.5606,1.014,2.8297,0.7572,0
77-0121-02,0.2643,0.3875,0.1191,1.1398,1.8266,1.5164,0.3333,0.3748,4.8256,0.14,0.3479,0.3214,0.1932,0.995,1.3382,0.6972,1.4176,0.6086,0.722,8.5714,0.246,0.6844,0.4756,0.7724,6.5717,0.1627,0.5126,1.604,0.9928,0.3707,0.0884,0.4574,0.3957,0.2968,0.6827,0.7221,0.0312,0.6516,1.1512,0.9507,0.8711,0.4235,0.4625,0.6738,1.2299,0.2663,0.183,0.8494,0.0923,1.2999,0.2843,1.2956,0.9219,1.5081,0.3817,0.6493,0.8073,0.6161,0.0607,2.1407,0.5971,0.2995,8.3436,2.1233,0.3984,0.5207,0.2089,1.3961,0.975,1.0691,0.2771,0.7456,2.803,0.0518,0.4608,1.498,0.6273,0.2912,6.833,0.1302,0.6169,0.9069,0.2255,0.1561,0.0607,4.0897,1.8202,0.9415,0.3014,1.5303,1.3267,0.2525,2.8835,0.087,0.8872,0.0575,0.6614,0.5571,1.061,0.3182,0
77-0121-03,0.2643,0.2246,0.1191,0.3797,1.7667,1.6944,1.5483,1.8418,0.4014,0.4067,0.6532,0.2767,0.3561,0.722,1.4763,0.6921,1.4635,3.2887,1.0042,0.8057,0.1806,0.4275,0.3849,0.2595,1.3451,0.1627,0.4844,0.3483,0.8658,3.0115,0.0884,1.9169,0.5564,0.3935,0.4035,0.6672,0.0312,0.7312,1.1369,0.9149,0.8559,0.4031,0.4587,0.4998,1.8726,1.0,0.1878,1.0,0.1382,1.4047,0.7515,0.6101,0.9385,0.9901,0.3817,1.0915,1.4448,0.4164,7.9321,0.4619,1.1395,0.9643,2.5231,0.6623,0.6208,1.0513,0.2089,1.9376,1.2968,1.0086,0.7639,0.7082,0.2939,0.0518,1.9379,0.485,1.4191,0.2912,2.2128,0.1302,0.9829,0.8724,0.1812,0.1561,0.0607,2.0884,0.4678,0.7512,1.0941,2.3299,1.1343,0.5694,2.2858,0.9582,0.2351,1.672,0.8931,1.0171,1.7517,0.5979,2
77-0178-01,1.4588,0.2147,0.3216,0.7718,0.1864,1.9937,0.4171,0.3748,1.3447,5.1063,0.1169,0.1747,1.4338,3.4314,0.5375,2.8749,4.5906,0.983,0.7094,0.296,1.2217,1.8968,4.1438,0.2595,2.9151,6.5275,0.4844,0.7939,0.2371,3.2217,0.6342,0.6066,0.7787,0.2968,0.1825,0.6073,6.8651,0.224,0.1229,0.1565,0.1228,0.1238,0.2574,0.2788,1.6475,1.5161,0.183,0.6702,5.4312,0.5503,0.1729,2.7486,0.2149,1.09,0.3817,3.5499,0.6153,0.4213,0.2342,0.1091,0.5649,0.7824,11.0722,1.4954,0.4652,1.4282,7.1169,0.4964,0.8874,5.5597,2.3608,0.3236,0.4814,0.0518,1.4338,0.5212,0.7959,0.5243,0.3089,1.5088,5.2793,0.7455,0.1704,2.8234,0.2342,1.0938,3.5083,1.0212,1.0951,0.4827,0.8307,1.5654,0.2762,2.3154,0.7089,1.5212,1.165,2.6902,3.1831,1.2205,2
77-0178-08,0.2643,3.5514,0.8596,1.188,0.2305,42.2063,8.3974,0.6891,2.4183,5.7833,1.0683,2.6553,4.063,3.2339,1.9198,0.4957,0.8438,0.4736,1.4742,0.0564,1.7342,1.0701,1.0055,1.0476,0.7359,0.9627,1.8377,1.1088,0.6338,0.9592,1.1006,1.8259,1.1885,0.2968,0.1849,0.7326,0.0312,0.224,0.1386,0.1695,0.2001,0.1238,0.2574,0.3206,0.7596,0.9055,2.0447,0.8946,1.1431,0.6236,0.7011,7.5318,0.2444,0.9709,0.7883,0.8855,6.5163,0.5139,0.1537,1.1607,0.7807,0.9925,0.215,0.0583,0.091,1.9962,5.4465,1.2878,1.413,9.3076,0.2635,0.6681,0.9463,0.0518,0.4196,0.6683,0.1334,0.7914,0.4265,1.5074,0.9614,2.2399,0.1162,1.8174,0.5375,0.1688,2.0073,1.1395,1.8058,1.7428,4.7805,3.2128,1.2086,5.3914,1.0151,0.6329,10.7457,20.9628,13.0724,0.5748,0
77-0231-01,0.787,4.5557,1.368,2.5706,0.7481,1.0696,5.6958,0.3748,4.7534,0.6142,1.1899,0.349,2.0204,1.1682,0.491,0.8345,0.8959,1.3765,0.9958,13.4991,2.5457,6.2523,5.0452,3.0947,0.7555,6.0871,0.7326,2.6694,2.0938,5.1494,2.2091,0.7629,0.4367,0.9594,1.3195,0.7163,0.0564,0.5735,0.6423,0.6305,0.5782,1.4492,0.8757,1.6283,1.0419,2.4514,0.4971,0.8229,4.4887,0.2844,0.1729,0.8908,0.6549,1.2176,0.3817,0.9205,1.103,1.517,1.4006,1.1532,0.7738,1.9578,0.585,0.1988,1.9016,1.4035,0.2089,0.6505,0.6351,0.9335,0.2635,0.5686,0.6854,0.0518,0.3716,14.4545,0.1334,2.5773,4.0248,0.5136,0.8985,1.3155,0.9302,0.1561,9.5236,0.0425,0.8275,2.2223,1.1462,0.5256,0.9828,1.03,0.1362,1.6855,1.6805,1.4925,1.3415,0.5899,0.2204,0.6125,0
77-0231-06,0.2643,1.414,2.1184,3.2824,0.0363,0.4168,12.0192,0.8705,0.4712,0.3262,2.2535,1.8967,5.0438,0.4576,1.5336,0.6822,0.7644,0.2747,1.6004,0.2333,0.4072,0.7617,1.3629,1.0339,0.4801,4.2294,1.7361,1.6157,1.0072,0.3613,3.0916,2.2542,0.2568,0.2968,0.1856,1.4198,0.153,0.224,0.2164,0.0393,0.0756,0.1238,0.2574,0.1429,1.3561,1.635,2.3537,1.5717,0.7025,0.2675,1.2721,5.9056,0.0608,3.2464,0.7485,1.8564,0.3806,0.1139,2.0358,2.0254,0.8979,1.0297,0.1057,0.0583,1.8549,1.6255,0.2089,2.3172,0.1961,0.8522,0.9764,0.6113,0.2939,0.0518,0.2786,0.8067,0.2106,2.1494,0.6625,0.9136,0.6053,1.5639,1.3515,0.1561,3.5451,0.0619,1.6012,2.5075,1.6901,2.9017,2.6156,2.7343,0.1362,3.7589,1.8161,0.0575,6.2346,1.1861,1.2908,3.0247,2
77-0233-01,3.5662,0.5294,0.1191,0.2241,1.7705,1.2151,0.1484,0.3748,0.0805,1.8262,0.3609,1.6384,0.1932,0.541,0.1311,10.8045,2.1568,1.3876,0.18,42.5,0.5595,2.1062,0.5762,0.3452,0.3472,0.3497,0.4844,0.1461,0.2035,1.0479,0.0884,0.2029,0.5639,1.608,1.0247,0.6637,0.0312,4.2005,5.0039,3.6433,7.1268,1.0826,1.7412,2.4173,2.6004,1.9228,0.183,0.8927,1.192,1.3677,0.1729,1.2367,5.4901,0.9115,0.4925,1.7385,0.8721,1.2982,0.549,0.6342,1.3033,0.3973,8.6248,4.4619,0.5385,0.1836,6.0738,0.6782,0.8308,1.3275,2.3218,3.0723,0.2939,0.0518,0.1736,5.2208,0.1334,0.663,18.2961,0.897,3.814,0.1976,0.1162,0.1561,0.4176,0.0435,0.584,0.8254,0.1078,2.2813,1.4103,1.5569,0.7309,0.1571,0.2351,1.0,6.7092,0.3898,0.1389,0.3521,0
77-0233-07,0.2643,1.2988,0.7547,1.1086,1.2655,0.9229,0.2425,0.4244,0.1719,0.7492,0.1093,0.6962,1.1182,1.0466,0.1311,4.2747,1.4621,2.4532,0.3235,51.2621,0.4135,0.197,0.5928,1.8489,0.4167,0.1627,0.4844,0.184,0.2035,0.24,1.6171,0.2029,0.2404,1.5703,1.1605,0.999,0.0312,2.1498,4.2973,2.8502,5.7253,1.2795,0.8294,1.5461,1.0,0.9809,0.183,1.4094,1.0,1.3943,0.9979,0.984,3.9121,1.2208,1.4525,1.0,1.6367,0.9903,0.3171,0.5036,0.3086,1.1739,23.2289,9.8827,0.9264,0.5507,2.2721,3.115,1.1439,1.3816,3.4037,2.5622,0.2939,0.0518,0.1736,4.7954,0.266,1.5861,17.3444,0.9567,0.3898,0.5478,0.1162,0.7248,0.9426,0.3736,0.3748,0.7677,0.1686,3.6598,1.8323,0.6677,1.7589,2.5257,0.5697,0.7475,0.7284,0.3593,0.1389,0.6896,2
77-0234-02,41.5291,0.0857,0.2804,0.483,1.1874,0.4168,0.0706,0.3748,0.3218,0.14,0.1093,0.2753,0.4336,1.3807,0.1311,88.9165,11.2164,0.0624,0.6242,0.0564,0.1087,0.1969,1.5392,0.6272,2.1731,0.5016,0.4844,0.4274,0.2035,0.0249,0.0884,0.2029,0.7685,2.3286,3.2195,0.8926,0.0312,0.4224,1.5252,1.5353,1.2371,1.3389,0.2574,2.969,0.6324,0.4097,0.183,0.6701,1.717,0.5156,0.1729,0.1599,1.1147,0.9421,0.3817,3.2776,0.1919,2.3941,0.0607,0.1091,0.4159,0.2995,0.0595,0.0583,0.091,0.7193,6.9465,0.0745,0.3511,1.132,0.2635,0.7907,0.2939,71.9497,0.1736,0.266,0.1334,0.2992,0.1056,1.0858,4.9101,0.598,1.8807,0.1561,0.0607,0.0425,0.1958,0.4082,0.6549,0.0805,0.0933,1.3286,0.1362,1.5286,0.2351,0.4834,0.3242,0.1588,0.1389,0.4308,0
77-0235-03,0.2643,0.2013,1.0876,0.9143,2.5184,1.0049,1.451,0.4007,0.3524,5.4944,1.4976,1.9597,1.6965,0.2255,0.4595,0.3383,0.2931,0.9347,0.5435,6.2056,0.1372,0.396,0.8592,0.4789,1.5688,0.1627,0.9936,0.6967,0.905,2.2268,1.593,0.4584,0.9508,0.9407,0.4311,0.6545,12.2295,2.8524,1.0,1.6651,3.3639,0.9434,2.2464,1.0707,0.5045,0.5857,0.6074,0.6947,0.5657,2.2293,0.6464,0.6247,2.6204,1.3262,2.2994,0.9276,1.7948,0.9308,0.8986,0.7322,3.0586,0.7072,1.3198,0.3739,1.5457,1.1184,0.9841,0.2016,0.7143,0.2001,3.8898,4.6914,0.2939,0.0518,0.9709,0.5577,1.5006,2.6264,2.3652,1.9006,0.3898,0.9265,1.5071,0.9614,0.5235,1.0329,0.6757,1.1772,1.4539,0.1459,0.5031,0.6302,0.1806,3.5606,1.8,0.5725,1.1129,1.2306,0.3652,0.9158,0
77-0235-06,1.2582,0.0857,0.5437,1.0592,2.8803,0.9403,0.3293,0.5267,1.4978,2.7389,0.3606,1.1476,0.936,0.237,0.1311,2.5147,1.5098,0.9242,0.3972,0.0564,0.4036,0.2427,2.0141,0.2595,15.8307,2.6753,0.8475,0.9599,0.2485,3.0911,1.2071,0.2029,0.5519,0.8163,0.2225,0.4601,3.368,3.6692,0.7191,1.3449,3.3854,0.8428,2.0931,0.8014,0.4213,0.3787,0.183,1.036,2.9258,2.4109,0.1729,0.3726,1.9429,1.2888,0.4191,1.6256,2.1381,0.7746,0.0607,1.0222,1.0576,0.6993,3.0013,0.7513,0.6194,1.0,2.0425,0.6087,0.3824,0.1898,1.0236,0.7252,0.4188,135.1082,0.1758,0.376,1.248,1.2804,0.2402,1.4665,0.846,2.3637,2.0359,1.0386,0.0607,1.3312,0.6295,0.7317,1.0,0.4895,0.8332,0.7096,0.1362,1.9971,0.9306,2.5426,0.9206,0.5154,0.4603,0.4998,2
77-0247-03,4.9713,0.0857,0.1191,0.7903,1.8108,0.6215,0.6902,0.3748,1.0,0.643,0.3731,0.125,0.1932,0.4355,0.1311,11.2297,3.1215,0.1023,0.993,0.5256,0.1173,0.5533,1.9695,0.3279,3.2697,0.5129,0.4844,0.8455,0.2035,9.5101,0.131,0.2029,5.0658,1.575,2.9002,1.4578,1.5501,0.3742,1.3723,1.1633,0.9563,0.6369,0.4362,1.655,0.5206,0.932,0.183,0.557,7.6731,0.9883,0.7143,0.2219,0.8284,1.0345,0.3817,2.4818,0.5501,2.0097,0.1332,0.1091,0.7958,0.7225,0.123,0.0583,0.091,0.0995,1.0159,0.0749,0.8194,0.2592,0.2635,0.6684,0.2939,0.0518,0.1736,0.6283,0.1334,0.3251,1.1692,0.6874,0.3898,0.722,1.7056,1.2665,0.462,0.0425,0.136,0.7874,0.1078,0.1721,0.0857,0.1629,0.1362,0.3085,1.1416,0.0575,4.1838,0.1588,0.1389,1.6108,0
126-0047-01,0.9408,9.2798,0.1191,0.5438,0.5138,0.8505,1.9946,0.3748,7.1356,0.2226,0.3689,3.5383,0.7281,4.8944,0.9023,2.3588,0.8758,2.3338,1.4378,0.0564,2.5842,0.4901,0.1492,0.8435,0.6561,7.674,2.3943,3.3648,0.2479,4.6718,0.6281,0.4927,1.0509,0.3575,0.8345,0.4932,0.0312,0.976,0.3508,0.6287,0.2724,0.602,0.4104,0.7335,0.8047,2.7917,0.4387,0.8991,0.0923,0.5648,0.2343,0.9419,0.4246,0.832,0.9161,2.5437,0.6553,0.9013,1.8298,0.6009,0.9355,3.2333,21.9865,3.2372,0.5304,1.3377,0.7327,2.0569,1.7468,1.4274,0.6677,3.4158,0.8746,0.0518,1.157,10.2377,1.8396,0.3482,0.4756,0.5104,1.7251,12.4037,0.4901,0.1561,0.1991,3.4466,0.8257,0.9401,1.252,4.5241,3.5422,1.7511,3.1814,2.6139,1.4313,242.8552,4.2125,0.6341,0.2919,0.8598,0
126-0047-02,0.8131,2.3813,0.9124,1.1391,0.4775,0.6454,2.3381,1.0,0.6921,0.4869,0.3241,2.6917,3.5621,1.0914,8.6589,2.2903,2.2313,1.3538,8.2328,0.9796,1.9569,0.8291,0.1492,0.2595,0.6978,0.1627,1.1805,1.6766,1.5963,3.2993,0.4687,7.665,0.4719,0.3766,0.8756,0.7771,9.5245,0.9952,0.3435,0.6096,0.3302,0.6418,0.4827,0.8337,0.9269,0.7964,10.2856,0.9729,0.0923,0.8627,1.0776,1.016,0.4471,0.8612,0.9571,1.9058,1.6,0.9704,2.196,0.6652,0.4494,1.0208,0.8941,0.1576,0.091,0.6492,0.2089,3.1584,0.9185,0.965,1.3355,1.6424,0.9499,0.0518,3.9491,0.8909,1.9194,0.2912,1.0,0.3405,0.9883,2.0083,0.5136,0.1561,1.7935,5.1848,3.7858,1.27,1.0999,7.1953,3.1742,1.4504,3.0732,8.0948,0.9103,2.2181,0.5928,3.7506,0.263,2.7385,2
126-0065-01,0.9068,1.9501,0.2413,2.3828,0.3904,0.4168,0.1996,1.6372,0.6888,0.9291,1.0367,0.4626,1.138,0.2539,3.5582,0.841,0.7914,0.2581,1.3601,0.2163,0.9833,1.0273,1.2269,0.2595,1.0,0.1627,0.8866,0.4885,2.1013,0.2259,0.9516,1.8723,1.5721,0.4387,0.5055,1.1718,12.7965,1.068,1.0996,1.4113,1.0,0.759,2.0538,1.184,1.8732,0.3104,0.183,0.7931,0.6902,0.8709,0.3741,3.5231,1.9039,1.2559,0.3817,0.6443,0.7896,1.0789,0.5715,1.1501,1.0,0.2995,0.0595,0.0583,0.4448,2.3093,0.2089,1.2989,2.0744,0.4636,0.8141,0.6121,0.8189,0.0518,6.699,0.3361,0.3939,0.6636,0.5629,0.3692,0.3898,0.9444,7.201,0.1561,0.0607,0.5778,0.1783,0.2681,3.0743,2.5957,3.8366,2.7794,7.6952,1.0154,0.8329,6.7362,1.0331,0.6836,0.1389,0.635,0
126-0065-02,0.6197,0.8724,0.6723,1.242,0.2247,0.9951,0.3633,0.7603,32.4869,0.6029,1.6942,0.155,1.0797,0.2157,0.3634,0.4722,0.1221,0.9451,1.3476,7.5354,0.763,2.5827,0.5749,2.0673,0.6449,0.58,0.4844,2.9944,1.704,0.5482,1.3338,0.4099,0.6726,0.2968,0.2387,0.7871,0.2605,1.2277,0.8202,1.397,0.952,0.3884,1.6339,0.6019,3.1606,0.9877,0.183,0.9027,1.024,1.1938,0.7436,1.1041,1.2918,1.0256,0.4623,0.4099,3.2135,0.5063,0.1799,0.9778,1.1414,0.4041,5.8677,2.4333,0.6001,1.645,0.2089,0.7176,2.8295,0.3152,0.9394,0.7907,6.5149,0.0518,0.1885,0.6436,0.1334,0.8996,5.1334,0.6758,0.3898,0.8519,4.2532,0.1561,0.7843,0.0425,3.7756,0.9905,3.4556,1.9183,1.9985,2.6267,3.4625,1.3321,1.2809,0.2725,0.6069,1.0,0.6166,8.2208,2
126-0072-01,0.2643,0.7244,0.1191,0.8512,6.1818,7.3694,3.0824,1.1967,1.1283,18.8096,4.6895,1.1765,0.1932,0.055,1.3751,0.6019,0.1221,0.4141,1.7203,0.1798,1.6519,0.7387,1.4633,1.3017,4.7574,0.4305,1.0889,1.9479,0.9583,0.99,0.0884,1.9654,2.9757,0.2968,0.518,0.6195,0.0705,0.5284,2.0668,1.2413,1.6324,1.2808,0.2862,0.2076,0.7197,0.4657,0.183,1.1271,1.4073,0.2675,1.6268,3.4297,1.0425,0.6883,0.4222,0.4247,0.2569,0.2167,0.0607,1.2411,1.8094,0.3433,5.0475,1.2002,0.539,1.8338,0.4934,2.0385,0.7652,0.1926,0.2635,0.6772,0.2939,0.0518,45.6232,0.3877,0.3518,1.2441,0.2319,2.1657,0.5192,1.0,0.8317,0.1561,1.8167,0.9435,1.4207,1.3443,1.4862,1.6681,1.5146,0.4787,0.4534,0.042,0.2351,7.5711,12.4882,0.5378,0.2011,4.8741,0
126-0072-02,0.2643,0.5312,0.1191,0.6785,5.1123,1.0108,0.1745,0.3748,3.7457,23.6716,1.3224,4.1355,0.1932,0.0584,0.1311,0.4581,0.1221,0.4703,0.2026,0.1492,2.3765,0.396,0.964,0.7202,0.4083,0.1627,1.0,3.431,0.2035,0.8178,0.0884,1.0578,4.6378,0.2968,0.3131,1.06,0.0312,0.7868,1.7783,1.18,1.6703,1.0495,0.3921,0.1866,0.9215,0.4055,0.183,1.1538,1.3867,1.0261,0.3667,0.3738,1.0466,0.7138,0.3817,0.3696,0.4107,0.1704,0.0607,0.1091,0.4629,0.6665,0.0595,0.0583,0.5155,0.9658,0.2308,0.5379,0.5565,0.12,0.2635,0.3236,1.3177,0.0518,0.1736,0.3933,0.1334,1.1145,0.383,2.8515,0.3898,1.3219,1.5801,0.1561,0.0607,0.089,0.1034,0.8019,0.3827,0.2556,0.3631,0.359,0.1362,0.0275,0.817,0.6055,1.4004,1.0276,2.9898,0.6594,2
126-0114-01,1.6621,5.7793,0.1191,0.6504,0.1435,0.59,0.9001,0.3748,12.4952,0.14,2.6303,1.0586,0.5025,7.3417,0.6827,2.1611,1.4968,2.1559,0.6909,0.2505,2.9383,0.1525,0.1492,0.2595,0.8664,0.1627,1.0623,6.1627,0.3269,0.9026,0.5517,0.4867,0.6693,0.2968,0.0921,1.8841,0.0312,0.224,0.1642,0.212,0.0987,0.1238,0.3641,0.1246,0.7201,2.7264,0.183,1.0013,0.0923,0.8569,19.7875,0.4047,0.1123,1.5141,5.352,1.2704,0.3253,0.1174,0.1708,0.3114,3.7843,1.3075,0.1485,0.0583,0.091,0.5582,0.2089,0.8025,7.2472,7.411,1.1539,3.0332,2.999,1.0523,0.1736,4.4687,0.1334,1.1756,0.8341,0.3897,0.5306,0.9636,1.9536,0.1561,6.9847,0.0425,0.3638,0.8356,0.4359,0.6551,0.5562,0.4659,1.0,0.7895,0.8862,0.14,0.629,0.5221,0.1389,2.5435,0
126-0114-02,0.521,0.5227,0.1191,1.8248,0.1433,0.4438,3.5773,1.0472,8.9249,0.14,0.895,1.4788,0.1932,11.7247,0.459,0.8418,0.3276,0.8894,0.7694,0.0564,1.9823,0.3772,0.1492,0.2881,4.926,0.8004,0.4844,5.386,0.4369,1.2187,0.0884,0.2665,0.2404,0.2968,0.0562,1.0541,0.0312,0.224,0.1077,0.1909,0.037,0.1238,0.3681,0.1132,0.6833,1.4718,0.183,7.204,0.0923,1.15,7.8336,0.8566,0.1236,1.2484,0.8513,0.9129,0.1919,0.1169,0.6421,0.9648,0.4906,1.0075,7.7276,1.5951,0.1852,1.1247,0.2089,1.2121,2.2414,8.71,0.3349,2.3221,2.8067,0.0518,4.6524,14.8476,0.1334,1.2013,0.7125,0.4146,0.3898,1.2051,0.5049,0.1561,4.9415,0.0425,2.9911,1.3379,0.6434,1.1058,1.8335,1.6567,2.6884,0.0121,0.5494,0.1676,0.6673,1.2921,0.704,9.2364,2
111-0006-01,0.2643,1.7953,1.2738,1.5532,1.0271,0.7862,0.5433,0.7734,7.8803,1.0709,0.394,2.4989,0.1932,8.19,0.4976,3.5129,2.7085,1.1882,1.8076,0.3064,2.3792,2.3464,1.4984,1.1476,4.0002,0.8189,1.285,2.6055,1.4166,2.0794,0.9181,0.3818,3.3288,3.1193,1.7941,0.7262,0.1151,1.5347,1.0092,1.456,2.1363,1.4922,3.1569,3.564,0.4616,1.9491,1.4302,0.8867,2.1392,1.5036,1.5907,0.1599,2.026,1.1977,0.5687,2.9569,0.1919,3.5192,0.2692,0.59,0.8531,0.5293,0.2005,0.0583,0.2322,1.2755,2.2401,0.4203,0.9059,4.167,1.4022,2.6274,1.7716,0.0518,0.1736,0.6509,0.1334,0.6969,0.3273,0.2842,1.693,1.1232,0.1162,0.1561,2.896,0.0425,0.3914,0.6686,1.2839,0.3367,1.4055,1.7576,0.1362,0.1041,1.1493,0.6277,0.8458,0.4923,0.1894,0.4379,1
111-0007-01,1.2917,3.9493,4.8411,3.0117,1.8518,1.4001,4.5816,1.8906,0.2928,1.7671,0.8177,1.0,2.4431,0.6324,1.0,0.5728,1.0912,3.0535,1.1043,1.3902,1.2868,1.7578,7.7349,0.7181,52.7786,1.0,0.7792,0.2568,0.806,1.0169,6.2698,0.442,1.4586,3.6742,3.9475,0.4601,0.0312,0.8084,1.4832,1.1075,1.2402,1.8501,1.6374,3.904,1.8592,1.4284,5.5005,0.8657,5.4999,1.4239,0.4859,0.3944,1.281,1.0556,0.7082,1.1604,0.9693,4.7428,0.0607,0.2838,0.6134,1.6007,0.0595,0.0583,2.2367,0.3284,3.8308,0.3091,0.7738,0.9964,0.2635,0.3236,0.2939,0.0518,0.5745,1.7956,1.0204,3.0297,0.8503,1.0312,0.3898,0.6994,2.6734,0.1561,1.3927,0.6019,0.6214,1.2306,0.3838,0.3224,0.2597,0.4068,0.1362,1.8266,2.613,39.9809,0.3242,0.8611,0.921,0.5641,1
111-0014-01,0.69,0.0857,0.7295,0.7584,1.9767,0.5358,1.555,0.3748,0.0805,1.447,2.8006,0.5353,0.1932,0.1248,0.1311,0.9398,1.6959,0.7257,0.2663,11.2818,0.1087,0.1979,0.3419,0.2595,0.5597,0.1627,0.4961,0.1695,0.2035,0.0718,0.6901,0.2029,3.6564,3.9104,2.38,1.0,0.0312,0.8017,1.576,1.3476,1.6457,1.5394,1.006,4.917,1.1385,1.1608,0.6138,0.7108,0.0923,1.3516,0.7817,0.32,1.8884,1.4371,0.3817,0.9014,1.2907,3.7949,0.0607,0.6711,1.3039,0.3713,5.0,1.4099,0.6986,0.3816,0.2089,1.0,0.69,0.1782,1.2776,0.6177,2.8878,0.0518,0.1736,2.9805,0.1864,2.1282,3.869,0.8795,0.3898,0.4903,3.3669,0.1561,1.3553,0.1652,0.1034,0.4776,0.4363,1.5592,0.8684,1.3109,1.6314,0.2408,1.2007,0.324,1.7618,0.2153,0.1389,1.8496,1
111-0018-03,0.2643,0.2808,0.1191,1.633,13.3284,1.0475,2.43,0.3748,0.3683,5.2473,0.9633,0.5588,0.8874,1.951,1.0914,1.3902,1.4013,1.0,1.2975,2.4735,0.3448,3.1488,1.5564,0.4639,0.3163,1.0363,0.8958,0.7033,0.5499,0.6008,0.0884,1.3141,1.6461,0.2968,1.3102,0.8421,0.0312,2.3581,2.1205,3.2545,2.6103,1.0956,1.6916,0.3079,0.8763,1.4111,0.4729,0.7991,1.572,1.4385,1.268,0.591,2.1548,1.0346,2.3753,3.4224,3.5798,0.5561,2.4513,0.5889,2.0994,0.7756,0.2708,0.0583,0.5969,2.1646,0.9099,0.3669,0.9277,2.0892,0.2635,0.4023,0.2939,0.0518,0.3185,1.8995,4.2184,3.1793,1.3608,0.587,3.8668,0.883,0.9395,0.1561,9.6243,1.417,1.0472,1.1278,1.933,0.2152,0.5079,0.7078,0.4105,2.117,0.6127,0.3227,1.0485,1.2033,0.6195,4.881,1
111-0022-01,0.4119,15.9592,2.8528,1.646,5.6354,0.4333,2.1384,0.6896,0.6385,0.6738,0.7083,2.5445,0.8664,1.1587,1.7769,0.7254,1.0,2.5737,0.5997,0.5986,7.5022,1.0,0.4723,0.8482,0.4862,1.1143,1.3103,0.538,0.4479,1.0923,4.7342,0.41,1.4187,3.371,6.9614,0.561,0.0312,3.4274,2.9261,2.6741,2.8237,3.4789,3.608,3.6692,0.4249,0.0194,1.0599,0.996,0.28,1.5793,1.2452,0.5732,2.3903,0.8356,0.3817,0.5971,1.0048,4.8628,5.9887,0.7568,0.5546,0.6464,9.6851,2.0362,0.8905,0.451,0.2089,1.0104,1.0006,0.7142,0.8831,3.0445,0.8389,0.0518,2.5522,0.3878,0.22,0.8948,0.2366,0.3463,0.5125,0.716,0.5018,0.1561,3.1068,0.5626,1.9806,0.9475,0.1078,0.671,0.3499,0.1629,4.0914,1.7867,2.8217,6.724,0.8013,2.5494,2.0227,1.5054,1
111-0025-01,1.7054,0.091,0.1191,1.0574,1.3167,0.7133,0.7913,0.5578,0.39,2.7607,0.1968,2.0251,0.4803,0.1322,1.7422,1.0,2.1335,0.1275,1.6029,0.6492,0.1087,1.0368,2.5549,0.511,0.4764,2.497,0.9564,0.6835,1.652,0.6182,0.1139,0.8786,0.7788,0.9548,0.7984,1.4561,0.0312,1.2815,0.6351,0.9451,1.1608,0.7348,0.4366,0.9925,1.146,0.4296,0.183,9.9811,3.871,0.6044,0.6153,1.267,0.9193,0.8003,0.8464,1.8621,0.6913,1.0097,0.3914,1.3311,0.2312,1.5026,0.0595,0.0583,0.091,1.776,0.2089,4.3482,35.6577,0.3279,0.6907,0.6479,0.6871,0.0518,1.0628,0.5539,0.1334,0.5864,0.6452,0.1302,0.5812,1.2464,2.7401,0.1561,0.182,0.1324,1.4895,0.276,0.9407,2.6564,1.4087,0.6258,0.969,0.729,0.35,1.5559,1.6716,0.1703,0.8976,0.4216,1
111-0026-01,0.727,0.5947,0.4166,0.8043,3.3802,0.8996,1.7976,1.6022,2.7377,1.2458,1.8315,0.2308,1.0,0.3194,0.9487,1.0517,0.6112,0.3338,2.0126,1.3098,0.4922,3.5708,1.7038,0.9692,4.3662,0.4556,1.017,1.774,0.8488,0.5071,0.1124,1.421,2.3831,0.2968,0.31,1.4263,8.1112,0.9752,0.5815,0.8162,0.6269,0.4754,0.3178,0.1495,1.6093,1.925,0.2118,0.8234,0.3732,0.4433,1.287,1.7466,0.5172,1.0,0.3817,0.5299,1.0,0.2915,0.6608,1.1779,3.1892,1.0086,0.1748,0.0583,0.091,3.4638,2.0131,0.9634,1.3488,0.3395,0.2635,0.6946,0.2939,0.0518,1.4046,1.5317,0.4086,0.6475,1.6031,1.1736,1.821,1.0659,0.8062,0.1561,0.4453,0.0809,1.1742,23.3783,2.6783,0.5078,0.8136,1.1662,0.2989,1.8889,1.1133,0.7178,1.0125,0.4906,0.3203,2.8833,1
126-0100-01,0.6097,2.6202,0.1191,0.6882,2.6662,0.7406,2.8845,0.3748,1.804,0.3205,1.868,0.2012,0.1932,5.7282,1.1753,1.9641,0.926,3.134,1.1712,20.35,1.6536,1.6329,1.0,1.5722,0.8495,0.1627,0.8883,0.5313,2.6132,0.4906,0.0884,0.8142,0.5023,2.2286,3.1631,0.9352,0.0312,1.4659,1.583,1.6042,2.4415,1.1868,1.8725,3.6311,1.3743,2.0862,0.183,0.7701,0.2769,1.0336,0.7985,2.505,2.8871,0.18,2.8797,1.1352,1.1691,4.3239,0.9647,2.314,2.5669,1.5998,6.7914,1.4932,6.4864,0.6384,0.4215,0.4458,0.6687,5.1835,1.725,1.0,0.2939,0.0518,0.215,2.781,5.5666,0.9195,6.0525,1.2324,2.3287,1.4148,1.2893,0.1561,10.6197,4.3247,0.2415,1.4364,0.6247,0.6588,2.1628,0.7864,1.6511,0.0121,0.2351,6.2201,2.3528,0.2609,0.1389,3.0691,2
77-0025-01,0.7398,0.2168,0.1191,2.5153,1.1177,1.5473,5.5963,0.5877,0.5623,0.2736,0.5479,0.6389,0.1932,2.3345,0.1311,0.9136,0.1221,5.2885,0.423,1.2186,0.1654,0.3698,0.301,1.1868,0.4824,0.2267,0.4844,0.304,0.2035,0.3349,0.0884,0.2029,0.2404,1.3534,1.3268,0.6494,11.8892,1.0048,1.0815,0.8804,1.9633,0.8445,1.4238,2.2289,1.4119,0.3071,0.183,0.9226,0.5006,0.9154,0.1729,0.2978,1.762,0.2062,3.9964,0.5948,1.3793,2.5052,0.0607,0.2856,0.3105,1.8916,0.0595,0.0583,2.5191,0.4911,0.6617,0.5372,1.0421,8.3825,0.2635,0.9603,0.6763,0.0518,0.1736,2.0375,0.7227,0.6762,0.7222,0.6767,0.3898,1.0254,0.6177,0.1561,0.5116,0.4289,0.3097,1.5555,0.1078,0.5526,0.4245,0.1629,5.4908,0.2172,0.3685,1.4387,0.3242,0.5467,0.3174,3.4784,0
126-0077-02,0.2643,1.6916,0.3627,0.7838,0.8248,0.5699,0.6453,0.7271,0.5094,0.2719,2.3009,0.4914,0.445,0.6076,1.2714,1.2063,0.7885,0.4514,0.6663,0.465,1.8592,5.8278,1.8733,1.0654,2.272,17.0804,0.4844,1.0232,1.5066,0.573,0.7998,0.2029,1.0314,0.6,1.1585,2.3828,0.0312,0.4218,0.6622,0.5697,0.6583,0.451,0.2574,0.9359,0.6386,0.6936,0.183,1.0073,2.3889,0.5943,1.4712,5.4164,0.6256,0.8865,1.2,0.7179,0.2513,1.204,26.4752,2.0654,2.8156,1.395,0.0923,0.0583,0.3198,1.5616,0.2089,1.0243,1.8423,0.8376,1.4356,0.8917,1.2986,0.8225,0.6224,1.9525,0.9796,0.363,0.802,1.327,1.0915,0.9783,0.1162,3.0605,1.0085,1.524,1.0,16.1952,0.6106,0.4829,0.6006,1.0,0.2567,0.4512,0.6868,0.2715,0.7553,0.5163,0.1597,1.3399,1
126-0078-01,0.3485,2.0306,1.4025,1.1837,0.3651,1.3379,3.6026,3.039,0.4084,0.2634,0.9394,3.4973,2.5295,1.45,2.3457,0.8397,0.9376,0.4872,2.564,0.2727,2.2073,2.4396,0.7336,0.4976,2.5872,0.3696,0.4844,0.5209,2.512,3.0993,1.6757,27.2055,1.0334,0.2968,0.2801,1.7593,0.0312,0.224,0.2664,0.1812,0.0651,0.1238,0.2574,0.1011,0.3177,0.5438,2.1495,8.931,1.0302,0.5857,0.6071,0.9536,0.119,0.7808,0.6614,1.4392,1.189,0.1402,22.4579,0.8199,0.6505,0.2995,0.2885,0.0583,1.5863,2.8194,0.7656,5.9585,0.8516,2.0378,0.4622,2.2443,0.7847,0.9477,0.485,1.3212,0.1334,0.5194,1.2791,0.5983,0.8394,1.3045,0.7201,22.7664,0.1832,0.0425,1.4528,0.8852,1.1503,3.9419,2.7453,1.7648,1.3818,2.7527,2.1526,0.7027,1.1955,8.6364,10.4632,2.0542,1
126-0079-01,0.2643,1.874,1.2483,1.1467,2.8273,0.4168,4.1292,4.8013,1.3205,0.1967,0.5734,7.717,2.0599,0.0784,2.6682,0.5265,1.0271,1.0929,2.3434,0.6065,0.9716,1.4826,0.3781,0.6024,2.8624,0.1952,1.2158,0.9768,1.3072,1.9328,1.3284,103.5934,1.1514,0.5621,0.9561,1.2043,0.2552,1.7488,0.793,1.5886,0.7918,1.2829,0.7632,1.2904,1.2485,0.3785,9.1187,17.2446,0.3789,0.8182,1.0021,0.9556,1.0616,0.9113,0.9931,0.5697,1.1791,1.2734,4.7411,0.6263,0.3605,0.6741,0.0595,0.0583,0.091,3.4446,0.2158,2.6853,0.6692,0.14,0.2635,2.3939,0.2939,0.0518,1.0,0.7734,0.1334,0.4943,1.9013,1.9437,0.7898,1.0125,1.3634,33.2331,1.1145,0.0425,2.3309,0.6935,1.9144,1.9165,2.2368,1.1799,6.9694,3.2836,1.8388,0.3543,2.6515,41.5885,21.8458,1.3948,1
